Code,CommonName,Class,Order,Family,Genus,Species,Subspecies,Species2,Extant,Native,Marine,Yellow,Blue,Red,CDCode
AF,All Fish,NA,NA,NA,NA,NA,NA,NA,TRUE,TRUE,TRUE,TRUE,TRUE,TRUE,NA
SP,Fish Unidentified Species,NA,NA,NA,NA,NA,NA,NA,TRUE,TRUE,TRUE,TRUE,TRUE,TRUE,NA
SG,Sturgeon (General),Actinopterygii,Acipenseriformes,Acipenseridae,Acipenser,NA,NA,NA,TRUE,TRUE,TRUE,FALSE,TRUE,TRUE,NA
GSG,Green Sturgeon,Actinopterygii,Acipenseriformes,Acipenseridae,Acipenser,medirostris,NA,NA,TRUE,TRUE,TRUE,FALSE,TRUE,FALSE,F-ACME
WSG,White Sturgeon,Actinopterygii,Acipenseriformes,Acipenseridae,Acipenser,transmontanus,NA,NA,TRUE,TRUE,TRUE,FALSE,FALSE,TRUE,F-ACTR
SH,American Shad,Actinopterygii,Clupeiformes,Clupeidae,Alosa,sapidissima,NA,NA,TRUE,FALSE,TRUE,FALSE,FALSE,FALSE,F-ALSA
SU,Sucker (General),Actinopterygii,Cypriniformes,Catostomidae,NA,NA,NA,NA,TRUE,TRUE,FALSE,TRUE,TRUE,TRUE,NA
LSU,Longnose Sucker,Actinopterygii,Cypriniformes,Catostomidae,Catostomus,catostomus,NA,NA,TRUE,TRUE,FALSE,TRUE,FALSE,FALSE,F-CACT
BSU,Bridgelip Sucker,Actinopterygii,Cypriniformes,Catostomidae,Catostomus,columbianus,NA,NA,TRUE,TRUE,FALSE,TRUE,FALSE,FALSE,F-CACO
WSU,White Sucker,Actinopterygii,Cypriniformes,Catostomidae,Catostomus,commersonii,NA,NA,TRUE,TRUE,FALSE,TRUE,FALSE,FALSE,F-CACM
CSU,Largescale Sucker,Actinopterygii,Cypriniformes,Catostomidae,Catostomus,macrocheilus,NA,NA,TRUE,TRUE,FALSE,TRUE,FALSE,FALSE,F-CAMA
MSU,Northern Mountain Sucker,Actinopterygii,Cypriniformes,Catostomidae,Catostomus,platyrhynchus,NA,NA,TRUE,TRUE,FALSE,FALSE,TRUE,FALSE,F-CAPL
SSU,Salish Sucker,Actinopterygii,Cypriniformes,Catostomidae,Catostomus,sp. 4,NA,NA,TRUE,TRUE,FALSE,FALSE,FALSE,TRUE,F-CASP-04
OWF,Oriental Weatherfish,Actinopterygii,Cypriniformes,Cobitidae,Misgurnus,anguillicaudatus,NA,NA,TRUE,FALSE,FALSE,FALSE,FALSE,FALSE,NA
C,Minnow (General),Actinopterygii,Cypriniformes,Cyprinidae,NA,NA,NA,NA,TRUE,TRUE,FALSE,TRUE,TRUE,FALSE,NA
CBC,Chub (General),Actinopterygii,Cypriniformes,Cyprinidae,NA,NA,NA,NA,TRUE,TRUE,FALSE,TRUE,FALSE,TRUE,NA
CPG,Carp (General),Actinopterygii,Cypriniformes,Cyprinidae,NA,NA,NA,NA,TRUE,TRUE,FALSE,TRUE,TRUE,TRUE,NA
DC,Dace (General),Actinopterygii,Cypriniformes,Cyprinidae,NA,NA,NA,NA,TRUE,TRUE,FALSE,TRUE,FALSE,TRUE,NA
CMC,Chiselmouth,Actinopterygii,Cypriniformes,Cyprinidae,Acrocheilus,alutaceus,NA,NA,TRUE,TRUE,FALSE,TRUE,FALSE,FALSE,F-ACAL
GC,Goldfish,Actinopterygii,Cypriniformes,Cyprinidae,Carassius,auratus,NA,NA,TRUE,FALSE,FALSE,FALSE,FALSE,FALSE,F-CAAU
RDC,Northern Redbelly Dace,Actinopterygii,Cypriniformes,Cyprinidae,Chrosomus,eos,NA,NA,TRUE,TRUE,FALSE,TRUE,FALSE,FALSE,F-CHEO
XDC,Northern Redbelly Dace x Finescale Dace,Actinopterygii,Cypriniformes,Cyprinidae,Chrosomus,eos,NA,neogaeus,TRUE,TRUE,FALSE,FALSE,FALSE,TRUE,F-CHEOxCHNE
FDC,Finescale Dace,Actinopterygii,Cypriniformes,Cyprinidae,Chrosomus,neogaeus,NA,NA,TRUE,TRUE,FALSE,TRUE,FALSE,FALSE,F-CHNE
LKC,Lake Chub,Actinopterygii,Cypriniformes,Cyprinidae,Couesius,plumbeus,NA,NA,TRUE,TRUE,FALSE,TRUE,FALSE,FALSE,F-COPL
CP,Carp,Actinopterygii,Cypriniformes,Cyprinidae,Cyprinus,carpio,NA,NA,TRUE,FALSE,FALSE,FALSE,FALSE,FALSE,F-CYCA
BMC,Brassy Minnow,Actinopterygii,Cypriniformes,Cyprinidae,Hybognathus,hankinsoni,NA,NA,TRUE,TRUE,FALSE,FALSE,FALSE,FALSE,F-HYHA
PDC,Northern Pearl Dace,Actinopterygii,Cypriniformes,Cyprinidae,Margariscus,margarita,NA,nachtriebi,TRUE,TRUE,FALSE,TRUE,FALSE,FALSE,NA
PCC,Peamouth Chub,Actinopterygii,Cypriniformes,Cyprinidae,Mylocheilus,caurinus,NA,NA,TRUE,TRUE,FALSE,TRUE,FALSE,FALSE,F-MYCA
ESC,Emerald Shiner,Actinopterygii,Cypriniformes,Cyprinidae,Notropis,atherinoides,NA,NA,TRUE,TRUE,FALSE,FALSE,FALSE,FALSE,F-NOAT
STC,Spottail Shiner,Actinopterygii,Cypriniformes,Cyprinidae,Notropis,hudsonius,NA,NA,TRUE,TRUE,FALSE,FALSE,FALSE,TRUE,F-NOHU
FM,Fathead Minnow,Actinopterygii,Cypriniformes,Cyprinidae,Pimephales,promelas,NA,NA,TRUE,FALSE,FALSE,FALSE,FALSE,FALSE,F-PIPR
FHC,Flathead Chub,Actinopterygii,Cypriniformes,Cyprinidae,Platygobio,gracilis,NA,NA,TRUE,TRUE,FALSE,TRUE,FALSE,FALSE,F-PLGR
NSC,Northern Pikeminnow,Actinopterygii,Cypriniformes,Cyprinidae,Ptychocheilus,oregonensis,NA,NA,TRUE,TRUE,FALSE,TRUE,FALSE,FALSE,F-PTOR
LNC,Longnose Dace,Actinopterygii,Cypriniformes,Cyprinidae,Rhinichthys,cataractae,NA,NA,TRUE,TRUE,FALSE,TRUE,FALSE,FALSE,F-RHCA
NDC,Nooksack Dace,Actinopterygii,Cypriniformes,Cyprinidae,Rhinichthys,cataractae,NA,NA,TRUE,TRUE,FALSE,FALSE,FALSE,TRUE,F-RHCA-CH
LDC,Leopard Dace,Actinopterygii,Cypriniformes,Cyprinidae,Rhinichthys,falcatus,NA,NA,TRUE,TRUE,FALSE,TRUE,FALSE,FALSE,F-RHFA
SDC,Speckled Dace,Actinopterygii,Cypriniformes,Cyprinidae,Rhinichthys,osculus,NA,NA,TRUE,TRUE,FALSE,FALSE,TRUE,FALSE,F-RHOS
UDC,Umatilla Dace,Actinopterygii,Cypriniformes,Cyprinidae,Rhinichthys,umatilla,NA,NA,TRUE,TRUE,FALSE,FALSE,FALSE,TRUE,F-RHUM
RSC,Redside Shiner,Actinopterygii,Cypriniformes,Cyprinidae,Richardsonius,balteatus,NA,NA,TRUE,TRUE,FALSE,TRUE,FALSE,FALSE,F-RIBA
TC,Tench,Actinopterygii,Cypriniformes,Cyprinidae,Tinca,tinca,NA,NA,TRUE,FALSE,FALSE,FALSE,FALSE,FALSE,F-TITI
GAM,Mosquitofish,Actinopterygii,Cyprinodontiformes,Poeciliidae,Gambusia,affinis,NA,NA,TRUE,FALSE,FALSE,FALSE,FALSE,FALSE,NA
NP,Northern Pike,Actinopterygii,Esociformes,Esocidae,Esox,lucius,NA,NA,TRUE,TRUE,FALSE,TRUE,FALSE,FALSE,F-ESLU
TMP,Tiger Muskellunge,Actinopterygii,Esociformes,Esocidae,Esox,lucius,NA,masquinongy,TRUE,TRUE,FALSE,TRUE,FALSE,FALSE,NA
BB,Burbot,Actinopterygii,Gadiformes,Gadidae,Lota,lota,NA,NA,TRUE,TRUE,FALSE,TRUE,FALSE,TRUE,F-LOLO
SB,Stickleback (General),Actinopterygii,Gasterosteiformes,Gasterosteidae,NA,NA,NA,NA,TRUE,TRUE,TRUE,TRUE,FALSE,TRUE,NA
BSB,Brook Stickleback,Actinopterygii,Gasterosteiformes,Gasterosteidae,Culaea,inconstans,NA,NA,TRUE,TRUE,FALSE,TRUE,FALSE,FALSE,F-CUIN
SB3,Charlotte Unarmoured Threespine Stickleback,Actinopterygii,Gasterosteiformes,Gasterosteidae,Gasterosteus,aculeatus,NA,NA,TRUE,TRUE,FALSE,FALSE,FALSE,TRUE,F-GAAC-01
TSB,Threespine Stickleback,Actinopterygii,Gasterosteiformes,Gasterosteidae,Gasterosteus,aculeatus,NA,NA,TRUE,TRUE,TRUE,TRUE,FALSE,FALSE,F-GAAC
CSB,Unarmoured Stickleback,Actinopterygii,Gasterosteiformes,Gasterosteidae,Gasterosteus,sp,NA,NA,TRUE,TRUE,FALSE,FALSE,FALSE,FALSE,NA
SB1,Balkwill Lake Benthic Stickleback,Actinopterygii,Gasterosteiformes,Gasterosteidae,Gasterosteus,sp,NA,NA,TRUE,TRUE,FALSE,FALSE,FALSE,FALSE,NA
SB11,Lake Sticklebacks,Actinopterygii,Gasterosteiformes,Gasterosteidae,Gasterosteus,sp,NA,NA,TRUE,TRUE,FALSE,FALSE,FALSE,TRUE,NA
SB2,Balkwill Lake Limnetic Stickleback,Actinopterygii,Gasterosteiformes,Gasterosteidae,Gasterosteus,sp,NA,NA,TRUE,TRUE,FALSE,FALSE,FALSE,FALSE,NA
SB4,Emily Lake Benthic Stickleback,Actinopterygii,Gasterosteiformes,Gasterosteidae,Gasterosteus,sp,NA,NA,TRUE,TRUE,FALSE,FALSE,FALSE,FALSE,NA
SB5,Emily Lake Limnetic Stickleback,Actinopterygii,Gasterosteiformes,Gasterosteidae,Gasterosteus,sp,NA,NA,TRUE,TRUE,FALSE,FALSE,FALSE,FALSE,NA
SBB,Priest Lake Benthic Stickleback,Actinopterygii,Gasterosteiformes,Gasterosteidae,Gasterosteus,sp,NA,NA,TRUE,TRUE,FALSE,FALSE,FALSE,FALSE,NA
SBP,Priest Lake Limnetic Stickleback,Actinopterygii,Gasterosteiformes,Gasterosteidae,Gasterosteus,sp,NA,NA,TRUE,TRUE,FALSE,FALSE,FALSE,FALSE,NA
SB8,Giant Stickleback,Actinopterygii,Gasterosteiformes,Gasterosteidae,Gasterosteus,sp. 1,NA,NA,TRUE,TRUE,FALSE,FALSE,FALSE,TRUE,F-GASP-01
SB10,Hadley Lake Limnetic Stickleback,Actinopterygii,Gasterosteiformes,Gasterosteidae,Gasterosteus,sp. 12,NA,NA,FALSE,TRUE,FALSE,FALSE,FALSE,FALSE,F-GASP-12
SB9,Hadley Lake Benthic Stickleback,Actinopterygii,Gasterosteiformes,Gasterosteidae,Gasterosteus,sp. 13,NA,NA,FALSE,TRUE,FALSE,FALSE,FALSE,FALSE,F-GASP-13
SB14,Misty Lake Lake Stickleback,Actinopterygii,Gasterosteiformes,Gasterosteidae,Gasterosteus,sp. 18,NA,NA,TRUE,TRUE,FALSE,FALSE,FALSE,TRUE,F-GASP-18
SB15,Misty Lake Stream Stickleback,Actinopterygii,Gasterosteiformes,Gasterosteidae,Gasterosteus,sp. 19,NA,NA,TRUE,TRUE,FALSE,FALSE,FALSE,TRUE,F-GASP-19
SB7,Enos Lake Limnetic Stickleback,Actinopterygii,Gasterosteiformes,Gasterosteidae,Gasterosteus,sp. 2,NA,NA,TRUE,TRUE,FALSE,FALSE,FALSE,TRUE,F-GASP-02
SB6,Enos Lake Benthic Stickleback,Actinopterygii,Gasterosteiformes,Gasterosteidae,Gasterosteus,sp. 3,NA,NA,TRUE,TRUE,FALSE,FALSE,FALSE,TRUE,F-GASP-03
SB13,Paxton Lake Limnetic Stickleback,Actinopterygii,Gasterosteiformes,Gasterosteidae,Gasterosteus,sp. 4,NA,NA,TRUE,TRUE,FALSE,FALSE,FALSE,TRUE,F-GASP-04
SB12,Paxton Lake Benthic Stickleback,Actinopterygii,Gasterosteiformes,Gasterosteidae,Gasterosteus,sp. 5,NA,NA,TRUE,TRUE,FALSE,FALSE,FALSE,TRUE,F-GASP-05
NSB,Ninespine Stickleback,Actinopterygii,Gasterosteiformes,Gasterosteidae,Pungitius,pungitius,NA,NA,TRUE,TRUE,TRUE,FALSE,FALSE,FALSE,F-PUPU
GE,Goldeye,Actinopterygii,Hiodontiformes,Hiodontidae,Hiodon,alosoides,NA,NA,TRUE,TRUE,FALSE,FALSE,TRUE,FALSE,F-HIAL
SM,Smelt (General),Actinopterygii,Osmeriformes,Osmeridae,NA,NA,NA,NA,TRUE,TRUE,TRUE,FALSE,TRUE,TRUE,NA
SSM,Surf Smelt,Actinopterygii,Osmeriformes,Osmeridae,Hypomesus,pretiosus,NA,NA,TRUE,TRUE,TRUE,FALSE,FALSE,FALSE,F-HYPR
RSM,Rainbow Smelt,Actinopterygii,Osmeriformes,Osmeridae,Osmerus,dentex,NA,mordax,TRUE,TRUE,TRUE,FALSE,FALSE,FALSE,F-OSDE
LSM,Longfin Smelt,Actinopterygii,Osmeriformes,Osmeridae,Spirinchus,thaleichthys,NA,NA,TRUE,TRUE,TRUE,FALSE,TRUE,FALSE,F-SPTH
PLS,Pygmy Longfin Smelt,Actinopterygii,Osmeriformes,Osmeridae,Spirincus,sp. 1,NA,NA,TRUE,TRUE,FALSE,FALSE,FALSE,TRUE,F-SPSP-01
EU,Eulachon,Actinopterygii,Osmeriformes,Osmeridae,Thaleichthys,pacificus,NA,NA,TRUE,TRUE,TRUE,FALSE,TRUE,FALSE,F-THPA
BS,Bass/Sunfish (General),Actinopterygii,Perciformes,Centrarchidae,NA,NA,NA,NA,TRUE,FALSE,FALSE,FALSE,FALSE,FALSE,NA
PMB,Pumpkinseed,Actinopterygii,Perciformes,Centrarchidae,Lepomis,gibbosus,NA,NA,TRUE,FALSE,FALSE,FALSE,FALSE,FALSE,F-LEGI
BG,Bluegill,Actinopterygii,Perciformes,Centrarchidae,Lepomis,macrochirus,NA,NA,TRUE,FALSE,FALSE,FALSE,FALSE,FALSE,F-LPMA
SMB,Smallmouth Bass,Actinopterygii,Perciformes,Centrarchidae,Micropterus,dolomieui,NA,NA,TRUE,FALSE,FALSE,FALSE,FALSE,FALSE,F-MIDO
LMB,Largemouth Bass,Actinopterygii,Perciformes,Centrarchidae,Micropterus,salmoides,NA,NA,TRUE,FALSE,FALSE,FALSE,FALSE,FALSE,F-MISA
BCB,Black Crappie,Actinopterygii,Perciformes,Centrarchidae,Pomoxis,nigromaculatus,NA,NA,TRUE,FALSE,FALSE,FALSE,FALSE,FALSE,F-PONI
CHMC,Blotched Snakehead,Actinopterygii,Perciformes,Channidae,Channa,maculata,NA,NA,TRUE,FALSE,FALSE,FALSE,FALSE,FALSE,NA
CYAG,Shiner Perch,Actinopterygii,Perciformes,Embiotocidae,Cymatogaster,aggregata,NA,NA,TRUE,TRUE,TRUE,FALSE,FALSE,FALSE,F-CYAG
P,Perch (General),Actinopterygii,Perciformes,Percidae,NA,NA,NA,NA,TRUE,TRUE,FALSE,TRUE,FALSE,FALSE,NA
YP,Yellow Perch,Actinopterygii,Perciformes,Percidae,Perca,flavescens,NA,NA,TRUE,TRUE,FALSE,TRUE,FALSE,FALSE,F-PEFL
WP,Walleye,Actinopterygii,Perciformes,Percidae,Sander,vitreus,NA,NA,TRUE,TRUE,FALSE,TRUE,FALSE,FALSE,F-SAVI
TP,Trout-Perch,Actinopterygii,Percopsiformes,Percopsidae,Percopsis,omiscomaycus,NA,NA,TRUE,TRUE,FALSE,TRUE,FALSE,FALSE,F-PEOM
SA,Salmon (General),Actinopterygii,Salmoniformes,Salmonidae,NA,NA,NA,NA,TRUE,TRUE,TRUE,TRUE,FALSE,FALSE,NA
TR,Unidentifiable Trout - only fry <70mm in length,Actinopterygii,Salmoniformes,Salmonidae,NA,NA,NA,NA,TRUE,TRUE,TRUE,TRUE,TRUE,TRUE,NA
WF,Whitefish (General),Actinopterygii,Salmoniformes,Salmonidae,NA,NA,NA,NA,TRUE,TRUE,TRUE,TRUE,TRUE,TRUE,NA
CL,Cisco,Actinopterygii,Salmoniformes,Salmonidae,Coregonus,artedi,NA,NA,TRUE,TRUE,TRUE,FALSE,FALSE,TRUE,F-COAR
CA,Arctic Cisco,Actinopterygii,Salmoniformes,Salmonidae,Coregonus,autumnalis,NA,NA,TRUE,TRUE,TRUE,FALSE,FALSE,TRUE,F-COAU
LW,Lake Whitefish,Actinopterygii,Salmoniformes,Salmonidae,Coregonus,clupeaformis,NA,NA,TRUE,TRUE,FALSE,TRUE,FALSE,FALSE,F-COCL
CB,Bering Cisco,Actinopterygii,Salmoniformes,Salmonidae,Coregonus,laurettae,NA,NA,TRUE,TRUE,TRUE,FALSE,FALSE,FALSE,NA
BW,Broad Whitefish,Actinopterygii,Salmoniformes,Salmonidae,Coregonus,nasus,NA,NA,TRUE,TRUE,FALSE,FALSE,FALSE,TRUE,F-CONA
CS,Least Cisco,Actinopterygii,Salmoniformes,Salmonidae,Coregonus,sardinella,NA,NA,TRUE,TRUE,FALSE,FALSE,TRUE,FALSE,F-COSR
DLW,Dragon Lake Whitefish,Actinopterygii,Salmoniformes,Salmonidae,Coregonus,sp,NA,NA,FALSE,TRUE,FALSE,FALSE,FALSE,FALSE,NA
SQ,Squanga,Actinopterygii,Salmoniformes,Salmonidae,Coregonus,sp,NA,NA,TRUE,TRUE,FALSE,FALSE,FALSE,FALSE,NA
AO,All Pacific Salmon,Actinopterygii,Salmoniformes,Salmonidae,Oncorhynchus,NA,NA,NA,TRUE,TRUE,TRUE,TRUE,FALSE,FALSE,NA
ACT,Cutthroat Trout (Anadromous),Actinopterygii,Salmoniformes,Salmonidae,Oncorhynchus,clarkii,NA,NA,TRUE,TRUE,TRUE,FALSE,FALSE,FALSE,F-ONCL
CT,Cutthroat Trout,Actinopterygii,Salmoniformes,Salmonidae,Oncorhynchus,clarkii,NA,NA,TRUE,TRUE,FALSE,FALSE,FALSE,FALSE,F-ONCL
CRS,Cutthroat/Rainbow cross,Actinopterygii,Salmoniformes,Salmonidae,Oncorhynchus,clarkii,NA,mykiss,TRUE,TRUE,TRUE,FALSE,FALSE,FALSE,NA
CCT,Coastal Cutthroat Trout,Actinopterygii,Salmoniformes,Salmonidae,Oncorhynchus,clarkii,clarkii,NA,TRUE,TRUE,TRUE,FALSE,TRUE,FALSE,F-ONCL-CL
WCT,Westslope Cutthroat Trout,Actinopterygii,Salmoniformes,Salmonidae,Oncorhynchus,clarkii,lewisi,NA,TRUE,TRUE,FALSE,FALSE,TRUE,FALSE,F-ONCL-LE
PK,Pink Salmon,Actinopterygii,Salmoniformes,Salmonidae,Oncorhynchus,gorbuscha,NA,NA,TRUE,TRUE,TRUE,TRUE,FALSE,FALSE,F-ONGO
CM,Chum Salmon,Actinopterygii,Salmoniformes,Salmonidae,Oncorhynchus,keta,NA,NA,TRUE,TRUE,TRUE,TRUE,FALSE,FALSE,F-ONKE
CO,Coho Salmon,Actinopterygii,Salmoniformes,Salmonidae,Oncorhynchus,kisutch,NA,NA,TRUE,TRUE,TRUE,TRUE,FALSE,FALSE,F-ONKI
RB,Rainbow Trout,Actinopterygii,Salmoniformes,Salmonidae,Oncorhynchus,mykiss,NA,NA,TRUE,TRUE,FALSE,TRUE,FALSE,FALSE,F-ONMY
SST,Steelhead (Summer-run),Actinopterygii,Salmoniformes,Salmonidae,Oncorhynchus,mykiss,NA,NA,TRUE,TRUE,TRUE,TRUE,FALSE,TRUE,F-ONMY
ST,Steelhead,Actinopterygii,Salmoniformes,Salmonidae,Oncorhynchus,mykiss,NA,NA,TRUE,TRUE,TRUE,TRUE,FALSE,TRUE,F-ONMY
WST,Steelhead (Winter-run),Actinopterygii,Salmoniformes,Salmonidae,Oncorhynchus,mykiss,NA,NA,TRUE,TRUE,TRUE,TRUE,FALSE,TRUE,F-ONMY
GT,Golden Trout,Actinopterygii,Salmoniformes,Salmonidae,Oncorhynchus,mykiss,aguabonita,NA,TRUE,FALSE,FALSE,FALSE,FALSE,FALSE,F-ONMY
KO,Kokanee,Actinopterygii,Salmoniformes,Salmonidae,Oncorhynchus,nerka,NA,NA,TRUE,TRUE,FALSE,FALSE,FALSE,FALSE,F-ONNE
SK,Sockeye Salmon,Actinopterygii,Salmoniformes,Salmonidae,Oncorhynchus,nerka,NA,NA,TRUE,TRUE,TRUE,TRUE,FALSE,FALSE,F-ONNE
CH,Chinook Salmon,Actinopterygii,Salmoniformes,Salmonidae,Oncorhynchus,tshawytscha,NA,NA,TRUE,TRUE,TRUE,TRUE,FALSE,FALSE,F-ONTS
GPW,Giant Pygmy Whitefish,Actinopterygii,Salmoniformes,Salmonidae,Prosopium,coulterii,NA,NA,TRUE,TRUE,FALSE,TRUE,FALSE,FALSE,F-PRCO-03
PW,Pygmy Whitefish,Actinopterygii,Salmoniformes,Salmonidae,Prosopium,coulterii,NA,NA,TRUE,TRUE,FALSE,TRUE,FALSE,FALSE,F-PRCO
RW,Round Whitefish,Actinopterygii,Salmoniformes,Salmonidae,Prosopium,cyclindraceum,NA,NA,TRUE,TRUE,FALSE,TRUE,FALSE,FALSE,F-PRCY
MW,Mountain Whitefish,Actinopterygii,Salmoniformes,Salmonidae,Prosopium,williamsoni,NA,NA,TRUE,TRUE,FALSE,TRUE,FALSE,FALSE,F-PRWI
MWxRW,Mountain x Round Whitefish hybrid,Actinopterygii,Salmoniformes,Salmonidae,Prosopium,williamsoni,NA,cyclindraceum,TRUE,TRUE,FALSE,TRUE,FALSE,FALSE,NA
AS,Atlantic Salmon,Actinopterygii,Salmoniformes,Salmonidae,Salmo,salar,NA,NA,TRUE,FALSE,TRUE,FALSE,FALSE,FALSE,F-SASA
AGB,Brown Trout (Anadromous),Actinopterygii,Salmoniformes,Salmonidae,Salmo,trutta,NA,NA,TRUE,FALSE,TRUE,FALSE,FALSE,FALSE,F-SATR
GB,Brown Trout,Actinopterygii,Salmoniformes,Salmonidae,Salmo,trutta,NA,NA,TRUE,FALSE,FALSE,FALSE,FALSE,FALSE,F-SATR
SLV,Char (General),Actinopterygii,Salmoniformes,Salmonidae,Salvelinus,NA,NA,NA,TRUE,TRUE,TRUE,TRUE,TRUE,FALSE,NA
AC,Arctic Char,Actinopterygii,Salmoniformes,Salmonidae,Salvelinus,alpinus,NA,NA,TRUE,TRUE,TRUE,FALSE,FALSE,FALSE,NA
ABT,Bull Trout (Anadromous),Actinopterygii,Salmoniformes,Salmonidae,Salvelinus,confluentus,NA,NA,TRUE,TRUE,TRUE,FALSE,TRUE,FALSE,F-SACO
BT,Bull Trout,Actinopterygii,Salmoniformes,Salmonidae,Salvelinus,confluentus,NA,NA,TRUE,TRUE,FALSE,FALSE,TRUE,FALSE,F-SACO
AEB,Brook Trout (Anadromous),Actinopterygii,Salmoniformes,Salmonidae,Salvelinus,fontinalis,NA,NA,TRUE,FALSE,TRUE,FALSE,FALSE,FALSE,F-SAFO
EB,Brook Trout,Actinopterygii,Salmoniformes,Salmonidae,Salvelinus,fontinalis,NA,NA,TRUE,FALSE,FALSE,FALSE,FALSE,FALSE,F-SAFO
SPK,Splake,Actinopterygii,Salmoniformes,Salmonidae,Salvelinus,fontinalis,NA,namaycush,TRUE,FALSE,FALSE,FALSE,FALSE,FALSE,NA
ADV,Dolly Varden (Anadromous),Actinopterygii,Salmoniformes,Salmonidae,Salvelinus,malma,NA,NA,TRUE,TRUE,TRUE,TRUE,FALSE,FALSE,F-SAMA
DV,Dolly Varden,Actinopterygii,Salmoniformes,Salmonidae,Salvelinus,malma,NA,NA,TRUE,TRUE,FALSE,TRUE,FALSE,FALSE,F-SAMA
DVxBT,Verified DV BT hybrid,Actinopterygii,Salmoniformes,Salmonidae,Salvelinus,malma,NA,confluentus,TRUE,TRUE,TRUE,TRUE,FALSE,FALSE,NA
LT,Lake Trout,Actinopterygii,Salmoniformes,Salmonidae,Salvelinus,namaycush,NA,NA,TRUE,TRUE,FALSE,TRUE,FALSE,FALSE,F-SANA
IN,Inconnu,Actinopterygii,Salmoniformes,Salmonidae,Stenodus,leucichthys,NA,NA,TRUE,TRUE,TRUE,FALSE,TRUE,FALSE,F-STLU
GR,Arctic Grayling,Actinopterygii,Salmoniformes,Salmonidae,Thymallus,arcticus,NA,NA,TRUE,TRUE,FALSE,TRUE,FALSE,FALSE,F-THAR
MG,Montana Grayling,Actinopterygii,Salmoniformes,Salmonidae,Thymallus,arcticus,montanus,NA,TRUE,TRUE,FALSE,TRUE,TRUE,TRUE,NA
CC,Sculpin (General),Actinopterygii,Scorpaeniformes,Cottidae,NA,NA,NA,NA,TRUE,TRUE,TRUE,FALSE,FALSE,FALSE,NA
CCA,Sharpnose Sculpin,Actinopterygii,Scorpaeniformes,Cottidae,Clinocottus,acuticeps,NA,NA,TRUE,TRUE,TRUE,FALSE,FALSE,FALSE,F-CLAC
CAL,Coastrange Sculpin (formerly Aleutian Sculpin),Actinopterygii,Scorpaeniformes,Cottidae,Cottus,aleuticus,NA,NA,TRUE,TRUE,FALSE,TRUE,FALSE,FALSE,F-COAL
CCL,Cultus Lake Sculpin,Actinopterygii,Scorpaeniformes,Cottidae,Cottus,aleuticus,NA,NA,TRUE,TRUE,FALSE,FALSE,FALSE,TRUE,F-COSP-02
CAS,Prickly Sculpin,Actinopterygii,Scorpaeniformes,Cottidae,Cottus,asper,NA,NA,TRUE,TRUE,FALSE,TRUE,FALSE,FALSE,F-COAS
CBA,Mottled Sculpin,Actinopterygii,Scorpaeniformes,Cottidae,Cottus,bairdi,NA,NA,TRUE,TRUE,FALSE,FALSE,TRUE,FALSE,F-COHU
CMM,Malheur Mottled Sculpin,Actinopterygii,Scorpaeniformes,Cottidae,Cottus,bendirei,NA,NA,TRUE,TRUE,FALSE,FALSE,FALSE,FALSE,NA
CCG,Slimy Sculpin,Actinopterygii,Scorpaeniformes,Cottidae,Cottus,cognatus,NA,NA,TRUE,TRUE,FALSE,TRUE,FALSE,FALSE,F-COCO
CCN,Shorthead Sculpin,Actinopterygii,Scorpaeniformes,Cottidae,Cottus,confusus,NA,NA,TRUE,TRUE,FALSE,FALSE,TRUE,FALSE,F-COCN
CCH,Columbia Sculpin,Actinopterygii,Scorpaeniformes,Cottidae,Cottus,hubbsi,NA,NA,TRUE,TRUE,FALSE,FALSE,TRUE,FALSE,F-COHU
CRH,Torrent Sculpin,Actinopterygii,Scorpaeniformes,Cottidae,Cottus,rhotheus,NA,NA,TRUE,TRUE,FALSE,TRUE,FALSE,FALSE,F-CORH
CRI,Spoonhead Sculpin,Actinopterygii,Scorpaeniformes,Cottidae,Cottus,ricei,NA,NA,TRUE,TRUE,FALSE,TRUE,FALSE,FALSE,F-CORI
CRM,Rocky Mountain Sculpin,Actinopterygii,Scorpaeniformes,Cottidae,Cottus,sp. 9,NA,NA,TRUE,TRUE,FALSE,FALSE,FALSE,TRUE,F-COSP-04
CLA,Staghorn Sculpin,Actinopterygii,Scorpaeniformes,Cottidae,Leptocottus,armatus,NA,NA,TRUE,TRUE,TRUE,FALSE,FALSE,FALSE,F-LEAR
CMT,Deepwater Sculpin,Actinopterygii,Scorpaeniformes,Cottidae,Myoxocephalus,thompsoni,NA,NA,TRUE,TRUE,FALSE,FALSE,FALSE,FALSE,NA
BH,Bullhead (General),Actinopterygii,Siluriformes,Ictaluridae,Ameiurus,NA,NA,NA,TRUE,FALSE,FALSE,FALSE,FALSE,FALSE,NA
BKH,Black Bullhead,Actinopterygii,Siluriformes,Ictaluridae,Ameiurus,melas,NA,NA,TRUE,FALSE,FALSE,FALSE,FALSE,FALSE,F-AMME
YB,Yellow Bullhead,Actinopterygii,Siluriformes,Ictaluridae,Ameiurus,natalis,NA,NA,TRUE,FALSE,FALSE,FALSE,FALSE,FALSE,F-ICNA
BNH,Brown Bullhead,Actinopterygii,Siluriformes,Ictaluridae,Ameiurus,nebulosus,NA,NA,TRUE,FALSE,FALSE,FALSE,FALSE,FALSE,F-AMNE
L,Lamprey (General),Petromyzontida,Petromyzontiformes,NA,NA,NA,NA,NA,TRUE,TRUE,TRUE,TRUE,FALSE,TRUE,NA
RL,River Lamprey,Petromyzontida,Petromyzontiformes,Petromyzontidae,Lampetra,ayresii,NA,NA,TRUE,TRUE,TRUE,TRUE,FALSE,FALSE,F-LAAY
LL,Cowichan Lake Lamprey,Petromyzontida,Petromyzontiformes,Petromyzontidae,Lampetra,macrostoma,NA,NA,TRUE,TRUE,FALSE,FALSE,FALSE,TRUE,F-ENMA
BL,Western Brook Lamprey,Petromyzontida,Petromyzontiformes,Petromyzontidae,Lampetra,richardsoni,NA,NA,TRUE,TRUE,FALSE,TRUE,FALSE,FALSE,F-LARC
MCL,Morrison Creek Lamprey,Petromyzontida,Petromyzontiformes,Petromyzontidae,Lampetra,richardsoni,marifaga,NA,TRUE,TRUE,FALSE,FALSE,FALSE,TRUE,F-LARC-01
AL,Arctic Lamprey,Petromyzontida,Petromyzontiformes,Petromyzontidae,Lampetra,sp,NA,NA,TRUE,TRUE,TRUE,FALSE,FALSE,FALSE,NA
PL,Pacific Lamprey,Petromyzontida,Petromyzontiformes,Petromyzontidae,Lampetra,tridentata,NA,NA,TRUE,TRUE,TRUE,TRUE,FALSE,FALSE,F-ENTR